iterations,optimum,time
Inputs: 10
41082.0,200.0,0.062842595
38809.0,200.0,0.061681631
47790.0,327.0,5.936311474
10.0,14.0,0.67935039
